[{"model": "cookbook.ingredient", "pk": 1, "fields": {"product": "chicken thighs"}}, {"model": "cookbook.ingredient", "pk": 2, "fields": {"product": "vegetable oil"}}, {"model": "cookbook.ingredient", "pk": 3, "fields": {"product": "coconut milk"}}, {"model": "cookbook.ingredient", "pk": 4, "fields": {"product": "fish sauce"}}, {"model": "cookbook.ingredient", "pk": 5, "fields": {"product": "basil leaves"}}, {"model": "cookbook.ingredient", "pk": 6, "fields": {"product": "red chillies"}}, {"model": "cookbook.ingredient", "pk": 7, "fields": {"product": "lime"}}, {"model": "cookbook.ingredient", "pk": 8, "fields": {"product": "steamed rice"}}, {"model": "cookbook.ingredient", "pk": 9, "fields": {"product": "chilli marinade"}}, {"model": "cookbook.ingredient", "pk": 10, "fields": {"product": "steak"}}, {"model": "cookbook.ingredient", "pk": 11, "fields": {"product": "garlic"}}, {"model": "cookbook.ingredient", "pk": 12, "fields": {"product": "stone-ground mustard"}}, {"model": "cookbook.ingredient", "pk": 13, "fields": {"product": "Jack Daniel's whiskey"}}, {"model": "cookbook.ingredient", "pk": 14, "fields": {"product": "salt"}}, {"model": "cookbook.ingredient", "pk": 15, "fields": {"product": "black pepper"}}, {"model": "cookbook.ingredient", "pk": 16, "fields": {"product": "butter"}}, {"model": "cookbook.ingredient", "pk": 17, "fields": {"product": "all-purpose flour"}}, {"model": "cookbook.ingredient", "pk": 18, "fields": {"product": "sugar"}}, {"model": "cookbook.ingredient", "pk": 19, "fields": {"product": "baking powder"}}, {"model": "cookbook.ingredient", "pk": 20, "fields": {"product": "milk"}}, {"model": "cookbook.ingredient", "pk": 21, "fields": {"product": "egg"}}, {"model": "cookbook.ingredient", "pk": 22, "fields": {"product": "pancetta"}}, {"model": "cookbook.ingredient", "pk": 23, "fields": {"product": "pecorino cheese"}}, {"model": "cookbook.ingredient", "pk": 24, "fields": {"product": "parmesan"}}, {"model": "cookbook.ingredient", "pk": 25, "fields": {"product": "spaghetti"}}, {"model": "cookbook.recipe", "pk": 1, "fields": {"title": "Coconut Sweet Chilli Chicken", "description": "Full of flavor chicken great for everyday dinner!", "category": "Dinner", "cuisine": "Chinese", "cooktime": 60, "serving": "4"}}, {"model": "cookbook.recipe", "pk": 2, "fields": {"title": "Jack Daniel's Flank Steak", "description": "Using alcoholic beverages in a marinade is an easy way to add a lot of flavor with very little work, and a whiskey marinade for steak happens to be a match made in heaven.", "category": "Dinner", "cuisine": "American", "cooktime": 30, "serving": "2"}}, {"model": "cookbook.recipe", "pk": 3, "fields": {"title": "Easy Basic Pancakes", "description": "Nothing says \"weekend\" like homemade pancakes for breakfast. Our easy recipe will help you whip them up in less than 30 minutes. Making pancake batter from scratch is so simple that you'll wonder why you never did it before!", "category": "Breakfast", "cuisine": "American", "cooktime": 20, "serving": "4"}}, {"model": "cookbook.recipe", "pk": 4, "fields": {"title": "Ultimate spaghetti carbonara recipe", "description": "Discover how to make superb spaghetti carbonara. This cheesy pasta dish is an Italian favourite and with the right technique, you can make it perfect every time.", "category": "Lunch", "cuisine": "Italian", "cooktime": 30, "serving": "4"}}, {"model": "cookbook.recipeingredient", "pk": 1, "fields": {"recipe": 1, "ingredient": 1, "quantity": 4, "unit": ""}}, {"model": "cookbook.recipeingredient", "pk": 2, "fields": {"recipe": 1, "ingredient": 9, "quantity": 15, "unit": "ml"}}, {"model": "cookbook.recipeingredient", "pk": 3, "fields": {"recipe": 1, "ingredient": 2, "quantity": 15, "unit": "ml"}}, {"model": "cookbook.recipeingredient", "pk": 4, "fields": {"recipe": 1, "ingredient": 3, "quantity": 400, "unit": "ml"}}, {"model": "cookbook.recipeingredient", "pk": 5, "fields": {"recipe": 1, "ingredient": 4, "quantity": 15, "unit": "ml"}}, {"model": "cookbook.recipeingredient", "pk": 6, "fields": {"recipe": 1, "ingredient": 5, "quantity": 5, "unit": ""}}, {"model": "cookbook.recipeingredient", "pk": 7, "fields": {"recipe": 1, "ingredient": 6, "quantity": 2, "unit": ""}}, {"model": "cookbook.recipeingredient", "pk": 8, "fields": {"recipe": 1, "ingredient": 7, "quantity": 1, "unit": ""}}, {"model": "cookbook.recipeingredient", "pk": 9, "fields": {"recipe": 2, "ingredient": 10, "quantity": 500, "unit": "g"}}, {"model": "cookbook.recipeingredient", "pk": 10, "fields": {"recipe": 2, "ingredient": 11, "quantity": 1, "unit": ""}}, {"model": "cookbook.recipeingredient", "pk": 11, "fields": {"recipe": 2, "ingredient": 12, "quantity": 50, "unit": "g"}}, {"model": "cookbook.recipeingredient", "pk": 12, "fields": {"recipe": 2, "ingredient": 2, "quantity": 50, "unit": "ml"}}, {"model": "cookbook.recipeingredient", "pk": 13, "fields": {"recipe": 2, "ingredient": 13, "quantity": 50, "unit": "ml"}}, {"model": "cookbook.recipeingredient", "pk": 14, "fields": {"recipe": 2, "ingredient": 14, "quantity": 5, "unit": "g"}}, {"model": "cookbook.recipeingredient", "pk": 15, "fields": {"recipe": 2, "ingredient": 15, "quantity": 5, "unit": "g"}}, {"model": "cookbook.recipeingredient", "pk": 16, "fields": {"recipe": 2, "ingredient": 16, "quantity": 50, "unit": "g"}}, {"model": "cookbook.recipeingredient", "pk": 17, "fields": {"recipe": 3, "ingredient": 17, "quantity": 180, "unit": "g"}}, {"model": "cookbook.recipeingredient", "pk": 18, "fields": {"recipe": 3, "ingredient": 18, "quantity": 25, "unit": "g"}}, {"model": "cookbook.recipeingredient", "pk": 19, "fields": {"recipe": 3, "ingredient": 19, "quantity": 15, "unit": "g"}}, {"model": "cookbook.recipeingredient", "pk": 20, "fields": {"recipe": 3, "ingredient": 14, "quantity": 4, "unit": "g"}}, {"model": "cookbook.recipeingredient", "pk": 21, "fields": {"recipe": 3, "ingredient": 20, "quantity": 250, "unit": "ml"}}, {"model": "cookbook.recipeingredient", "pk": 22, "fields": {"recipe": 3, "ingredient": 16, "quantity": 50, "unit": "g"}}, {"model": "cookbook.recipeingredient", "pk": 23, "fields": {"recipe": 3, "ingredient": 21, "quantity": 1, "unit": ""}}, {"model": "cookbook.recipeingredient", "pk": 24, "fields": {"recipe": 3, "ingredient": 2, "quantity": 15, "unit": "ml"}}, {"model": "cookbook.recipeingredient", "pk": 25, "fields": {"recipe": 4, "ingredient": 22, "quantity": 100, "unit": "g"}}, {"model": "cookbook.recipeingredient", "pk": 26, "fields": {"recipe": 4, "ingredient": 23, "quantity": 50, "unit": "g"}}, {"model": "cookbook.recipeingredient", "pk": 27, "fields": {"recipe": 4, "ingredient": 24, "quantity": 50, "unit": "g"}}, {"model": "cookbook.recipeingredient", "pk": 28, "fields": {"recipe": 4, "ingredient": 21, "quantity": 3, "unit": ""}}, {"model": "cookbook.recipeingredient", "pk": 29, "fields": {"recipe": 4, "ingredient": 25, "quantity": 350, "unit": "g"}}, {"model": "cookbook.recipeingredient", "pk": 30, "fields": {"recipe": 4, "ingredient": 16, "quantity": 50, "unit": "g"}}, {"model": "cookbook.recipeingredient", "pk": 31, "fields": {"recipe": 4, "ingredient": 14, "quantity": 5, "unit": "g"}}, {"model": "cookbook.recipeingredient", "pk": 32, "fields": {"recipe": 4, "ingredient": 15, "quantity": 15, "unit": "g"}}, {"model": "cookbook.instruction", "pk": 1, "fields": {"text": "Place the chicken in a bowl. Add 2 tablespoons of Chilli Marinade and toss to combine.", "recipe": 1}}, {"model": "cookbook.instruction", "pk": 2, "fields": {"text": "Heat the oil in a large wok over high heat. Add the chicken and spread the pieces out. Allow to sear for 2 minutes or until golden brown on the first side. Then stir-fry and flip the pieces over. Sear for another 2-3 minutes to allow more colour to develop.", "recipe": 1}}, {"model": "cookbook.instruction", "pk": 3, "fields": {"text": "Now add the coconut milk and the remaining marinade to the wok. Stir through the fish sauce. Slowly bring to a simmer. Reduce heat to low and simmer for 10 minutes, stirring every so often, or until the chicken is cooked through.", "recipe": 1}}, {"model": "cookbook.instruction", "pk": 4, "fields": {"text": "Stir through the basil and red chillies. Serve with steamed rice and lime wedges.", "recipe": 1}}, {"model": "cookbook.instruction", "pk": 5, "fields": {"text": "With a sharp knife score the flank steak, about 1/8 inch deep, making a diamond pattern.", "recipe": 2}}, {"model": "cookbook.instruction", "pk": 6, "fields": {"text": "Mix garlic, mustard, oil, whiskey, salt, and pepper together in small bowl. Place steak and marinade in a resealable bag and pour mixture over top. Make sure the entire steak is well coated in the marinade, seal bag and place in the refrigerator for at least 8 and up to 24 hours.", "recipe": 2}}, {"model": "cookbook.instruction", "pk": 7, "fields": {"text": "Preheat grill to medium-high heat. Remove steak from bag and discard marinade. Place meat onto grill and cook for 6 to 7 minutes per side, brushing with butter periodically.", "recipe": 2}}, {"model": "cookbook.instruction", "pk": 8, "fields": {"text": "Once the meat has reached the desired doneness, remove from grill and let meat rest for 5 minutes. Slice into strips, across the grain and serve.", "recipe": 2}}, {"model": "cookbook.instruction", "pk": 9, "fields": {"text": "Preheat oven to 200 degrees; have a baking sheet or heatproof platter ready to keep cooked pancakes warm in the oven. In a small bowl, whisk together flour, sugar, baking powder, and salt; set aside.", "recipe": 3}}, {"model": "cookbook.instruction", "pk": 10, "fields": {"text": "In a medium bowl, whisk together milk, butter (or oil), and egg. Add dry ingredients to milk mixture; whisk until just moistened (do not overmix; a few small lumps are fine).", "recipe": 3}}, {"model": "cookbook.instruction", "pk": 11, "fields": {"text": "Heat a large skillet (nonstick or cast-iron) or griddle over medium. Fold a sheet of paper towel in half, and moisten with oil; carefully rub skillet with oiled paper towel.", "recipe": 3}}, {"model": "cookbook.instruction", "pk": 12, "fields": {"text": "For each pancake, spoon 2 to 3 tablespoons of batter onto skillet, using the back of the spoon to spread batter into a round (you should be able to fit 2 to 3 in a large skillet).", "recipe": 3}}, {"model": "cookbook.instruction", "pk": 13, "fields": {"text": "Cook until surface of pancakes have some bubbles and a few have burst, 1 to 2 minutes. Flip carefully with a thin spatula, and cook until browned on the underside, 1 to 2 minutes more. Transfer to a baking sheet or platter; cover loosely with aluminum foil, and keep warm in oven. Continue with more oil and remaining batter. (You'll have 12 to 15 pancakes.) Serve warm, with desired toppings.", "recipe": 3}}, {"model": "cookbook.instruction", "pk": 14, "fields": {"text": "Put a large saucepan of water on to boil. Finely chop the 100g pancetta, having first removed any rind. Finely grate 50g pecorino cheese and 50g parmesan and mix them together. Beat the 3 large eggs in a medium bowl and season with a little freshly grated black pepper. Set everything aside.", "recipe": 4}}, {"model": "cookbook.instruction", "pk": 15, "fields": {"text": "Add 1 tsp salt to the boiling water, add 350g spaghetti and when the water comes back to the boil, cook at a constant simmer, covered, for 10 minutes or until al dente (just cooked).", "recipe": 4}}, {"model": "cookbook.instruction", "pk": 16, "fields": {"text": "While the spaghetti is cooking, fry the pancetta with . Drop 50g unsalted butter into a large frying pan or wok and, as soon as the butter has melted, tip in the pancetta. Leave to cook on a medium heat for about 5 minutes, stirring often, until the pancetta is golden and crisp. The garlic has now imparted its flavour, so take it out with a slotted spoon and discard.", "recipe": 4}}, {"model": "cookbook.instruction", "pk": 17, "fields": {"text": "Keep the heat under the pancetta on low. When the pasta is ready, lift it from the water with a pasta fork or tongs and put it in the frying pan with the pancetta. Don't worry if a little water drops in the pan as well (you want this to happen) and don't throw the pasta water away yet.", "recipe": 4}}, {"model": "cookbook.instruction", "pk": 18, "fields": {"text": "Mix most of the cheese in with the eggs, keeping a small handful back for sprinkling over later. Take the pan of spaghetti and pancetta off the heat. Now quickly pour in the eggs and cheese. Using the tongs or a long fork, lift up the spaghetti so it mixes easily with the egg mixture, which thickens but doesn't scramble, and everything is coated.", "recipe": 4}}, {"model": "cookbook.instruction", "pk": 19, "fields": {"text": "Add extra pasta cooking water to keep it saucy (several tablespoons should do it). You don't want it wet, just moist. Season with a little salt, if needed. Serve immediately with a little sprinkling of the remaining cheese and a grating of black pepper.", "recipe": 4}}]